timestamp_day,hour,replica,mem_mib,cpu_millicores
1,0,checkout-6d9-a,155.9,7.9
1,0,checkout-6d9-b,145.8,6.3
1,1,checkout-6d9-a,146.5,8.4
1,1,checkout-6d9-b,149.3,9.5
1,2,checkout-6d9-a,169.7,7.2
1,2,checkout-6d9-b,140.1,6.9
1,3,checkout-6d9-a,151.8,5.1
1,3,checkout-6d9-b,159.6,9.3
1,4,checkout-6d9-a,151.4,7.1
1,4,checkout-6d9-b,148.3,5.3
1,5,checkout-6d9-a,142.1,6.5
1,5,checkout-6d9-b,142.0,5.1
1,6,checkout-6d9-a,159.6,8.1
1,6,checkout-6d9-b,158.1,6.8
1,7,checkout-6d9-a,180.6,5.5
1,7,checkout-6d9-b,194.4,7.2
1,8,checkout-6d9-a,193.9,6.2
1,8,checkout-6d9-b,194.4,5.7
1,9,checkout-6d9-a,227.5,11.2
1,9,checkout-6d9-b,247.7,8.6
1,10,checkout-6d9-a,232.7,10.6
1,10,checkout-6d9-b,237.6,7.3
1,11,checkout-6d9-a,259.6,7.7
1,11,checkout-6d9-b,259.1,10.5
1,12,checkout-6d9-a,249.5,10.4
1,12,checkout-6d9-b,237.4,6.0
1,13,checkout-6d9-a,229.5,8.5
1,13,checkout-6d9-b,221.9,8.7
1,14,checkout-6d9-a,260.0,9.5
1,14,checkout-6d9-b,244.2,10.7
1,15,checkout-6d9-a,262.4,8.9
1,15,checkout-6d9-b,272.1,11.9
1,16,checkout-6d9-a,321.2,11.8
1,16,checkout-6d9-b,296.5,9.8
1,17,checkout-6d9-a,353.1,11.8
1,17,checkout-6d9-b,338.9,14.0
1,18,checkout-6d9-a,411.7,15.2
1,18,checkout-6d9-b,406.0,13.5
1,19,checkout-6d9-a,426.7,14.2
1,19,checkout-6d9-b,446.5,14.8
1,20,checkout-6d9-a,446.8,14.7
1,20,checkout-6d9-b,440.4,14.2
1,21,checkout-6d9-a,433.6,11.9
1,21,checkout-6d9-b,438.0,17.0
1,22,checkout-6d9-a,400.3,14.4
1,22,checkout-6d9-b,386.9,15.2
1,23,checkout-6d9-a,346.1,12.1
1,23,checkout-6d9-b,342.3,13.5
2,0,checkout-6d9-a,143.4,6.5
2,0,checkout-6d9-b,158.4,7.0
2,1,checkout-6d9-a,147.3,6.1
2,1,checkout-6d9-b,165.6,6.9
2,2,checkout-6d9-a,129.1,4.4
2,2,checkout-6d9-b,136.8,3.9
2,3,checkout-6d9-a,165.0,5.9
2,3,checkout-6d9-b,150.9,7.5
2,4,checkout-6d9-a,145.3,5.7
2,4,checkout-6d9-b,144.6,2
2,5,checkout-6d9-a,162.8,8.5
2,5,checkout-6d9-b,156.3,5.6
2,6,checkout-6d9-a,166.9,7.8
2,6,checkout-6d9-b,165.7,9.2
2,7,checkout-6d9-a,186.5,8.7
2,7,checkout-6d9-b,169.0,7.4
2,8,checkout-6d9-a,197.8,6.4
2,8,checkout-6d9-b,192.5,6.3
2,9,checkout-6d9-a,227.2,6.6
2,9,checkout-6d9-b,218.0,8.6
2,10,checkout-6d9-a,238.4,9.0
2,10,checkout-6d9-b,234.5,7.2
2,11,checkout-6d9-a,249.9,10.7
2,11,checkout-6d9-b,261.6,7.1
2,12,checkout-6d9-a,259.5,9.6
2,12,checkout-6d9-b,243.1,9.6
2,13,checkout-6d9-a,250.1,11.1
2,13,checkout-6d9-b,249.8,8.3
2,14,checkout-6d9-a,229.7,8.9
2,14,checkout-6d9-b,222.6,7.7
2,15,checkout-6d9-a,280.8,11.3
2,15,checkout-6d9-b,254.6,10.1
2,16,checkout-6d9-a,306.0,9.3
2,16,checkout-6d9-b,303.5,9.2
2,17,checkout-6d9-a,346.3,13.4
2,17,checkout-6d9-b,355.6,13.1
2,18,checkout-6d9-a,384.1,14.3
2,18,checkout-6d9-b,409.1,12.8
2,19,checkout-6d9-a,439.5,14.7
2,19,checkout-6d9-b,436.8,14.5
2,20,checkout-6d9-a,457.0,13.6
2,20,checkout-6d9-b,450.7,14.4
2,21,checkout-6d9-a,426.7,9.4
2,21,checkout-6d9-b,419.4,13.3
2,22,checkout-6d9-a,388.7,14.1
2,22,checkout-6d9-b,397.2,12.3
2,23,checkout-6d9-a,336.7,10.4
2,23,checkout-6d9-b,349.7,12.3
3,0,checkout-6d9-a,154.7,5.1
3,0,checkout-6d9-b,149.1,7.0
3,1,checkout-6d9-a,162.0,8.8
3,1,checkout-6d9-b,158.1,3.6
3,2,checkout-6d9-a,147.1,4.9
3,2,checkout-6d9-b,147.8,8.1
3,3,checkout-6d9-a,168.7,6.9
3,3,checkout-6d9-b,150.2,2
3,4,checkout-6d9-a,145.2,8.5
3,4,checkout-6d9-b,146.9,6.1
3,5,checkout-6d9-a,151.9,6.7
3,5,checkout-6d9-b,159.6,5.5
3,6,checkout-6d9-a,169.7,5.2
3,6,checkout-6d9-b,153.0,6.8
3,7,checkout-6d9-a,186.7,7.1
3,7,checkout-6d9-b,173.3,7.3
3,8,checkout-6d9-a,188.0,7.0
3,8,checkout-6d9-b,192.5,7.0
3,9,checkout-6d9-a,213.0,4.9
3,9,checkout-6d9-b,219.9,10.5
3,10,checkout-6d9-a,229.0,6.4
3,10,checkout-6d9-b,236.0,9.1
3,11,checkout-6d9-a,253.1,10.7
3,11,checkout-6d9-b,243.8,5.4
3,12,checkout-6d9-a,253.6,8.4
3,12,checkout-6d9-b,232.0,7.5
3,13,checkout-6d9-a,242.7,9.0
3,13,checkout-6d9-b,239.8,8.8
3,14,checkout-6d9-a,241.3,8.8
3,14,checkout-6d9-b,237.8,7.0
3,15,checkout-6d9-a,253.6,9.7
3,15,checkout-6d9-b,262.4,10.8
3,16,checkout-6d9-a,290.5,9.5
3,16,checkout-6d9-b,287.6,10.9
3,17,checkout-6d9-a,342.0,9.2
3,17,checkout-6d9-b,341.5,12.3
3,18,checkout-6d9-a,412.4,10.8
3,18,checkout-6d9-b,386.5,14.6
3,19,checkout-6d9-a,430.6,15.2
3,19,checkout-6d9-b,429.3,17.9
3,20,checkout-6d9-a,449.7,16.0
3,20,checkout-6d9-b,460.5,13.6
3,21,checkout-6d9-a,435.6,12.8
3,21,checkout-6d9-b,424.7,15.0
3,22,checkout-6d9-a,388.5,14.7
3,22,checkout-6d9-b,397.8,12.6
3,23,checkout-6d9-a,331.8,11.6
3,23,checkout-6d9-b,339.4,10.2
4,0,checkout-6d9-a,166.6,6.0
4,0,checkout-6d9-b,151.7,3.2
4,1,checkout-6d9-a,150.7,6.6
4,1,checkout-6d9-b,138.7,3.7
4,2,checkout-6d9-a,152.4,6.5
4,2,checkout-6d9-b,151.3,6.8
4,3,checkout-6d9-a,142.5,2
4,3,checkout-6d9-b,147.4,7.2
4,4,checkout-6d9-a,145.8,5.9
4,4,checkout-6d9-b,152.9,7.2
4,5,checkout-6d9-a,155.8,3.6
4,5,checkout-6d9-b,139.6,5.6
4,6,checkout-6d9-a,149.8,5.8
4,6,checkout-6d9-b,155.8,4.7
4,7,checkout-6d9-a,153.6,7.8
4,7,checkout-6d9-b,166.7,6.5
4,8,checkout-6d9-a,203.6,6.1
4,8,checkout-6d9-b,191.8,7.3
4,9,checkout-6d9-a,213.9,6.3
4,9,checkout-6d9-b,211.1,7.8
4,10,checkout-6d9-a,244.8,8.4
4,10,checkout-6d9-b,212.4,10.0
4,11,checkout-6d9-a,238.3,5.8
4,11,checkout-6d9-b,255.3,7.4
4,12,checkout-6d9-a,250.6,10.1
4,12,checkout-6d9-b,240.9,9.0
4,13,checkout-6d9-a,240.4,9.9
4,13,checkout-6d9-b,234.4,10.5
4,14,checkout-6d9-a,241.7,6.2
4,14,checkout-6d9-b,254.9,10.6
4,15,checkout-6d9-a,254.2,12.0
4,15,checkout-6d9-b,267.0,9.3
4,16,checkout-6d9-a,300.2,11.3
4,16,checkout-6d9-b,286.8,10.8
4,17,checkout-6d9-a,341.4,12.6
4,17,checkout-6d9-b,346.1,10.1
4,18,checkout-6d9-a,400.7,11.4
4,18,checkout-6d9-b,411.9,12.8
4,19,checkout-6d9-a,449.0,14.8
4,19,checkout-6d9-b,430.7,13.1
4,20,checkout-6d9-a,476.4,15.3
4,20,checkout-6d9-b,455.9,15.9
4,21,checkout-6d9-a,442.1,12.2
4,21,checkout-6d9-b,441.0,15.2
4,22,checkout-6d9-a,381.8,13.0
4,22,checkout-6d9-b,390.1,11.3
4,23,checkout-6d9-a,340.3,13.5
4,23,checkout-6d9-b,349.7,13.0
5,0,checkout-6d9-a,171.1,9.1
5,0,checkout-6d9-b,165.7,7.5
5,1,checkout-6d9-a,157.8,7.1
5,1,checkout-6d9-b,163.6,6.6
5,2,checkout-6d9-a,140.9,4.9
5,2,checkout-6d9-b,155.0,4.2
5,3,checkout-6d9-a,153.2,7.6
5,3,checkout-6d9-b,162.4,2.2
5,4,checkout-6d9-a,152.1,8.1
5,4,checkout-6d9-b,164.1,7.3
5,5,checkout-6d9-a,168.9,6.7
5,5,checkout-6d9-b,175.6,8.0
5,6,checkout-6d9-a,161.3,6.9
5,6,checkout-6d9-b,160.6,6.8
5,7,checkout-6d9-a,169.9,5.3
5,7,checkout-6d9-b,180.5,5.3
5,8,checkout-6d9-a,184.8,7.5
5,8,checkout-6d9-b,216.2,7.7
5,9,checkout-6d9-a,229.5,5.3
5,9,checkout-6d9-b,220.4,7.5
5,10,checkout-6d9-a,239.3,10.9
5,10,checkout-6d9-b,247.3,5.1
5,11,checkout-6d9-a,259.7,9.7
5,11,checkout-6d9-b,278.4,9.4
5,12,checkout-6d9-a,272.0,7.7
5,12,checkout-6d9-b,260.3,8.9
5,13,checkout-6d9-a,252.9,10.2
5,13,checkout-6d9-b,250.5,8.6
5,14,checkout-6d9-a,275.8,10.3
5,14,checkout-6d9-b,261.2,9.8
5,15,checkout-6d9-a,277.4,10.5
5,15,checkout-6d9-b,278.0,9.6
5,16,checkout-6d9-a,323.0,13.0
5,16,checkout-6d9-b,323.0,10.9
5,17,checkout-6d9-a,363.3,15.6
5,17,checkout-6d9-b,380.4,12.0
5,18,checkout-6d9-a,417.8,15.4
5,18,checkout-6d9-b,428.1,13.3
5,19,checkout-6d9-a,480.6,14.4
5,19,checkout-6d9-b,482.6,17.4
5,20,checkout-6d9-a,460.3,15.2
5,20,checkout-6d9-b,467.4,15.3
5,21,checkout-6d9-a,462.3,14.0
5,21,checkout-6d9-b,456.5,16.1
5,22,checkout-6d9-a,410.6,13.1
5,22,checkout-6d9-b,415.2,15.5
5,23,checkout-6d9-a,348.7,10.7
5,23,checkout-6d9-b,358.4,10.3
6,0,checkout-6d9-a,150.0,4.5
6,0,checkout-6d9-b,141.0,6.8
6,1,checkout-6d9-a,136.5,7.6
6,1,checkout-6d9-b,144.9,3.4
6,2,checkout-6d9-a,144.4,2.5
6,2,checkout-6d9-b,143.3,3.7
6,3,checkout-6d9-a,126.6,9.3
6,3,checkout-6d9-b,138.7,3.2
6,4,checkout-6d9-a,135.7,4.4
6,4,checkout-6d9-b,140.5,5.9
6,5,checkout-6d9-a,136.4,6.0
6,5,checkout-6d9-b,141.1,7.0
6,6,checkout-6d9-a,126.6,3.6
6,6,checkout-6d9-b,134.4,5.7
6,7,checkout-6d9-a,147.3,3.6
6,7,checkout-6d9-b,166.7,5.0
6,8,checkout-6d9-a,169.1,4.1
6,8,checkout-6d9-b,160.7,6.7
6,9,checkout-6d9-a,197.8,6.9
6,9,checkout-6d9-b,206.9,7.8
6,10,checkout-6d9-a,203.6,9.7
6,10,checkout-6d9-b,210.2,8.9
6,11,checkout-6d9-a,215.2,8.5
6,11,checkout-6d9-b,221.5,6.7
6,12,checkout-6d9-a,207.5,7.5
6,12,checkout-6d9-b,209.5,7.4
6,13,checkout-6d9-a,218.3,8.4
6,13,checkout-6d9-b,202.6,6.7
6,14,checkout-6d9-a,219.3,5.9
6,14,checkout-6d9-b,227.1,6.0
6,15,checkout-6d9-a,234.9,7.8
6,15,checkout-6d9-b,240.7,8.3
6,16,checkout-6d9-a,260.6,9.2
6,16,checkout-6d9-b,246.8,7.4
6,17,checkout-6d9-a,317.7,9.7
6,17,checkout-6d9-b,310.7,9.5
6,18,checkout-6d9-a,336.4,12.4
6,18,checkout-6d9-b,358.3,12.7
6,19,checkout-6d9-a,385.6,12.7
6,19,checkout-6d9-b,395.7,11.7
6,20,checkout-6d9-a,405.9,11.8
6,20,checkout-6d9-b,413.5,18.1
6,21,checkout-6d9-a,396.1,13.3
6,21,checkout-6d9-b,398.7,15.7
6,22,checkout-6d9-a,374.1,11.2
6,22,checkout-6d9-b,351.9,11.3
6,23,checkout-6d9-a,298.5,13.1
6,23,checkout-6d9-b,299.4,13.1
7,0,checkout-6d9-a,124.1,3.5
7,0,checkout-6d9-b,115.7,5.2
7,1,checkout-6d9-a,133.5,4.7
7,1,checkout-6d9-b,126.1,6.5
7,2,checkout-6d9-a,121.0,4.5
7,2,checkout-6d9-b,136.8,5.0
7,3,checkout-6d9-a,137.2,4.1
7,3,checkout-6d9-b,131.2,6.8
7,4,checkout-6d9-a,136.6,3.8
7,4,checkout-6d9-b,143.0,7.7
7,5,checkout-6d9-a,134.9,6.4
7,5,checkout-6d9-b,152.4,7.4
7,6,checkout-6d9-a,160.4,7.1
7,6,checkout-6d9-b,134.9,6.6
7,7,checkout-6d9-a,152.5,5.8
7,7,checkout-6d9-b,160.2,6.2
7,8,checkout-6d9-a,189.6,8.1
7,8,checkout-6d9-b,182.2,8.2
7,9,checkout-6d9-a,183.5,5.6
7,9,checkout-6d9-b,196.1,8.9
7,10,checkout-6d9-a,221.9,9.3
7,10,checkout-6d9-b,226.3,10.5
7,11,checkout-6d9-a,218.2,8.9
7,11,checkout-6d9-b,221.9,8.1
7,12,checkout-6d9-a,225.4,6.8
7,12,checkout-6d9-b,217.1,7.7
7,13,checkout-6d9-a,225.9,5.2
7,13,checkout-6d9-b,228.7,9.1
7,14,checkout-6d9-a,205.6,4.0
7,14,checkout-6d9-b,225.5,7.7
7,15,checkout-6d9-a,241.3,7.5
7,15,checkout-6d9-b,250.6,8.6
7,16,checkout-6d9-a,266.9,10.4
7,16,checkout-6d9-b,274.0,10.9
7,17,checkout-6d9-a,318.1,6.2
7,17,checkout-6d9-b,303.4,12.6
7,18,checkout-6d9-a,351.8,13.8
7,18,checkout-6d9-b,349.7,9.8
7,19,checkout-6d9-a,406.1,16.3
7,19,checkout-6d9-b,393.5,12.5
7,20,checkout-6d9-a,399.9,11.6
7,20,checkout-6d9-b,423.7,13.5
7,21,checkout-6d9-a,405.0,14.8
7,21,checkout-6d9-b,392.7,12.8
7,22,checkout-6d9-a,353.2,9.8
7,22,checkout-6d9-b,351.8,10.5
7,23,checkout-6d9-a,301.0,8.5
7,23,checkout-6d9-b,297.0,9.5
8,0,checkout-6d9-a,157.5,6.9
8,0,checkout-6d9-b,138.6,8.7
8,1,checkout-6d9-a,146.8,3.9
8,1,checkout-6d9-b,142.3,4.9
8,2,checkout-6d9-a,161.9,7.9
8,2,checkout-6d9-b,147.1,7.5
8,3,checkout-6d9-a,157.1,4.8
8,3,checkout-6d9-b,154.2,5.1
8,4,checkout-6d9-a,162.9,5.3
8,4,checkout-6d9-b,155.7,6.5
8,5,checkout-6d9-a,138.7,5.4
8,5,checkout-6d9-b,139.4,3.4
8,6,checkout-6d9-a,153.5,3.0
8,6,checkout-6d9-b,159.3,7.7
8,7,checkout-6d9-a,183.4,6.6
8,7,checkout-6d9-b,183.6,6.5
8,8,checkout-6d9-a,199.7,9.0
8,8,checkout-6d9-b,191.5,8.3
8,9,checkout-6d9-a,202.3,8.4
8,9,checkout-6d9-b,219.0,11.1
8,10,checkout-6d9-a,222.7,4.8
8,10,checkout-6d9-b,227.7,7.9
8,11,checkout-6d9-a,249.0,8.4
8,11,checkout-6d9-b,241.9,8.0
8,12,checkout-6d9-a,256.8,8.5
8,12,checkout-6d9-b,245.8,6.9
8,13,checkout-6d9-a,236.8,8.6
8,13,checkout-6d9-b,238.5,10.2
8,14,checkout-6d9-a,242.3,8.8
8,14,checkout-6d9-b,246.8,6.9
8,15,checkout-6d9-a,255.2,8.8
8,15,checkout-6d9-b,268.4,12.5
8,16,checkout-6d9-a,305.4,11.7
8,16,checkout-6d9-b,315.4,9.9
8,17,checkout-6d9-a,352.6,9.1
8,17,checkout-6d9-b,354.5,12.3
8,18,checkout-6d9-a,405.0,13.2
8,18,checkout-6d9-b,381.6,14.8
8,19,checkout-6d9-a,437.7,14.3
8,19,checkout-6d9-b,419.6,12.5
8,20,checkout-6d9-a,447.2,12.9
8,20,checkout-6d9-b,442.8,13.9
8,21,checkout-6d9-a,446.3,13.0
8,21,checkout-6d9-b,433.5,13.7
8,22,checkout-6d9-a,400.0,16.1
8,22,checkout-6d9-b,386.7,13.5
8,23,checkout-6d9-a,350.9,9.1
8,23,checkout-6d9-b,362.3,10.4
9,0,checkout-6d9-a,136.5,6.6
9,0,checkout-6d9-b,154.1,6.4
9,1,checkout-6d9-a,127.9,5.3
9,1,checkout-6d9-b,146.0,4.1
9,2,checkout-6d9-a,132.6,6.0
9,2,checkout-6d9-b,147.1,8.0
9,3,checkout-6d9-a,142.3,6.1
9,3,checkout-6d9-b,160.2,9.6
9,4,checkout-6d9-a,164.7,5.9
9,4,checkout-6d9-b,150.3,5.5
9,5,checkout-6d9-a,142.3,4.2
9,5,checkout-6d9-b,169.5,3.1
9,6,checkout-6d9-a,178.3,7.3
9,6,checkout-6d9-b,149.9,2.3
9,7,checkout-6d9-a,164.8,7.7
9,7,checkout-6d9-b,180.3,6.7
9,8,checkout-6d9-a,185.1,6.2
9,8,checkout-6d9-b,188.5,8.9
9,9,checkout-6d9-a,229.4,9.0
9,9,checkout-6d9-b,228.2,9.0
9,10,checkout-6d9-a,242.7,7.9
9,10,checkout-6d9-b,233.8,10.6
9,11,checkout-6d9-a,248.7,5.8
9,11,checkout-6d9-b,242.6,8.2
9,12,checkout-6d9-a,249.3,10.4
9,12,checkout-6d9-b,243.1,6.5
9,13,checkout-6d9-a,241.9,10.1
9,13,checkout-6d9-b,248.2,10.3
9,14,checkout-6d9-a,248.6,9.2
9,14,checkout-6d9-b,246.7,9.7
9,15,checkout-6d9-a,246.7,9.9
9,15,checkout-6d9-b,266.8,11.0
9,16,checkout-6d9-a,281.3,8.7
9,16,checkout-6d9-b,311.3,9.8
9,17,checkout-6d9-a,347.7,12.2
9,17,checkout-6d9-b,354.2,17.0
9,18,checkout-6d9-a,382.7,14.9
9,18,checkout-6d9-b,394.8,14.2
9,19,checkout-6d9-a,441.2,15.8
9,19,checkout-6d9-b,446.8,14.3
9,20,checkout-6d9-a,449.7,14.9
9,20,checkout-6d9-b,452.3,17.0
9,21,checkout-6d9-a,425.7,11.6
9,21,checkout-6d9-b,432.2,12.5
9,22,checkout-6d9-a,387.3,13.7
9,22,checkout-6d9-b,396.7,12.7
9,23,checkout-6d9-a,343.6,10.6
9,23,checkout-6d9-b,332.0,11.4
10,0,checkout-6d9-a,148.3,5.6
10,0,checkout-6d9-b,152.0,4.9
10,1,checkout-6d9-a,154.0,4.6
10,1,checkout-6d9-b,132.6,5.3
10,2,checkout-6d9-a,156.3,6.0
10,2,checkout-6d9-b,136.1,7.3
10,3,checkout-6d9-a,144.4,6.1
10,3,checkout-6d9-b,133.7,6.5
10,4,checkout-6d9-a,158.4,8.3
10,4,checkout-6d9-b,132.5,4.2
10,5,checkout-6d9-a,151.9,7.3
10,5,checkout-6d9-b,157.1,6.1
10,6,checkout-6d9-a,170.5,9.9
10,6,checkout-6d9-b,175.0,6.4
10,7,checkout-6d9-a,172.8,6.5
10,7,checkout-6d9-b,171.2,6.1
10,8,checkout-6d9-a,203.8,7.3
10,8,checkout-6d9-b,197.0,5.1
10,9,checkout-6d9-a,204.3,7.5
10,9,checkout-6d9-b,204.8,5.9
10,10,checkout-6d9-a,225.6,8.8
10,10,checkout-6d9-b,233.1,6.5
10,11,checkout-6d9-a,237.5,9.5
10,11,checkout-6d9-b,250.9,7.6
10,12,checkout-6d9-a,251.8,8.5
10,12,checkout-6d9-b,237.6,6.5
10,13,checkout-6d9-a,229.8,7.3
10,13,checkout-6d9-b,239.0,8.6
10,14,checkout-6d9-a,266.7,11.0
10,14,checkout-6d9-b,235.7,9.9
10,15,checkout-6d9-a,265.0,8.9
10,15,checkout-6d9-b,266.5,10.3
10,16,checkout-6d9-a,297.5,8.5
10,16,checkout-6d9-b,295.6,10.4
10,17,checkout-6d9-a,352.0,9.9
10,17,checkout-6d9-b,341.4,11.1
10,18,checkout-6d9-a,400.8,12.7
10,18,checkout-6d9-b,402.6,12.6
10,19,checkout-6d9-a,431.6,15.6
10,19,checkout-6d9-b,450.5,14.7
10,20,checkout-6d9-a,443.4,15.4
10,20,checkout-6d9-b,449.1,14.1
10,21,checkout-6d9-a,439.3,14.0
10,21,checkout-6d9-b,440.6,16.7
10,22,checkout-6d9-a,413.9,14.5
10,22,checkout-6d9-b,400.6,13.2
10,23,checkout-6d9-a,342.2,12.5
10,23,checkout-6d9-b,344.0,11.6
11,0,checkout-6d9-a,147.6,9.2
11,0,checkout-6d9-b,147.2,8.6
11,1,checkout-6d9-a,148.9,8.3
11,1,checkout-6d9-b,156.7,7.6
11,2,checkout-6d9-a,163.1,8.7
11,2,checkout-6d9-b,176.4,4.9
11,3,checkout-6d9-a,153.0,4.5
11,3,checkout-6d9-b,162.0,7.8
11,4,checkout-6d9-a,141.9,5.6
11,4,checkout-6d9-b,150.2,7.1
11,5,checkout-6d9-a,166.3,4.3
11,5,checkout-6d9-b,161.2,7.9
11,6,checkout-6d9-a,171.4,9.6
11,6,checkout-6d9-b,165.9,6.2
11,7,checkout-6d9-a,178.1,6.6
11,7,checkout-6d9-b,166.6,10.4
11,8,checkout-6d9-a,181.8,7.7
11,8,checkout-6d9-b,200.0,6.4
11,9,checkout-6d9-a,228.1,7.5
11,9,checkout-6d9-b,226.3,7.4
11,10,checkout-6d9-a,235.3,9.4
11,10,checkout-6d9-b,231.2,7.8
11,11,checkout-6d9-a,236.3,7.4
11,11,checkout-6d9-b,243.0,9.0
11,12,checkout-6d9-a,250.5,10.8
11,12,checkout-6d9-b,257.4,10.3
11,13,checkout-6d9-a,243.2,10.0
11,13,checkout-6d9-b,234.2,8.2
11,14,checkout-6d9-a,234.0,8.8
11,14,checkout-6d9-b,253.2,10.1
11,15,checkout-6d9-a,248.6,9.4
11,15,checkout-6d9-b,263.4,9.0
11,16,checkout-6d9-a,292.5,11.0
11,16,checkout-6d9-b,285.5,8.7
11,17,checkout-6d9-a,336.8,9.6
11,17,checkout-6d9-b,338.5,11.2
11,18,checkout-6d9-a,409.0,15.1
11,18,checkout-6d9-b,385.4,14.3
11,19,checkout-6d9-a,429.6,14.6
11,19,checkout-6d9-b,438.7,13.6
11,20,checkout-6d9-a,454.1,11.2
11,20,checkout-6d9-b,458.0,13.9
11,21,checkout-6d9-a,447.5,15.1
11,21,checkout-6d9-b,436.0,15.8
11,22,checkout-6d9-a,398.6,12.6
11,22,checkout-6d9-b,399.0,16.5
11,23,checkout-6d9-a,352.6,12.7
11,23,checkout-6d9-b,331.3,9.4
12,0,checkout-6d9-a,153.5,4.8
12,0,checkout-6d9-b,166.2,7.0
12,1,checkout-6d9-a,174.3,7.0
12,1,checkout-6d9-b,164.8,7.8
12,2,checkout-6d9-a,158.0,10.1
12,2,checkout-6d9-b,150.5,7.4
12,3,checkout-6d9-a,152.7,6.1
12,3,checkout-6d9-b,165.9,6.4
12,4,checkout-6d9-a,159.3,3.5
12,4,checkout-6d9-b,145.0,7.2
12,5,checkout-6d9-a,155.7,8.9
12,5,checkout-6d9-b,170.4,9.5
12,6,checkout-6d9-a,176.3,6.5
12,6,checkout-6d9-b,181.5,5.5
12,7,checkout-6d9-a,187.1,6.1
12,7,checkout-6d9-b,201.4,5.5
12,8,checkout-6d9-a,208.0,6.3
12,8,checkout-6d9-b,187.3,9.0
12,9,checkout-6d9-a,224.0,7.4
12,9,checkout-6d9-b,242.0,11.5
12,10,checkout-6d9-a,236.8,8.1
12,10,checkout-6d9-b,228.1,6.9
12,11,checkout-6d9-a,263.0,9.9
12,11,checkout-6d9-b,263.0,8.8
12,12,checkout-6d9-a,281.2,10.2
12,12,checkout-6d9-b,256.3,10.9
12,13,checkout-6d9-a,266.1,9.9
12,13,checkout-6d9-b,268.3,10.3
12,14,checkout-6d9-a,260.4,8.4
12,14,checkout-6d9-b,255.8,7.5
12,15,checkout-6d9-a,294.7,9.9
12,15,checkout-6d9-b,282.5,10.3
12,16,checkout-6d9-a,306.6,10.7
12,16,checkout-6d9-b,323.3,10.2
12,17,checkout-6d9-a,368.4,12.9
12,17,checkout-6d9-b,367.9,11.4
12,18,checkout-6d9-a,401.7,10.8
12,18,checkout-6d9-b,425.9,15.0
12,19,checkout-6d9-a,459.2,16.2
12,19,checkout-6d9-b,465.9,16.0
12,20,checkout-6d9-a,473.7,17.3
12,20,checkout-6d9-b,494.5,16.9
12,21,checkout-6d9-a,461.2,17.0
12,21,checkout-6d9-b,469.0,14.9
12,22,checkout-6d9-a,432.7,17.7
12,22,checkout-6d9-b,409.6,12.6
12,23,checkout-6d9-a,356.2,10.1
12,23,checkout-6d9-b,373.1,15.2
13,0,checkout-6d9-a,123.1,8.5
13,0,checkout-6d9-b,125.0,4.9
13,1,checkout-6d9-a,131.0,6.1
13,1,checkout-6d9-b,122.9,2.0
13,2,checkout-6d9-a,121.4,5.0
13,2,checkout-6d9-b,138.5,7.4
13,3,checkout-6d9-a,124.9,6.3
13,3,checkout-6d9-b,140.2,7.5
13,4,checkout-6d9-a,129.8,5.5
13,4,checkout-6d9-b,148.1,4.7
13,5,checkout-6d9-a,130.3,5.5
13,5,checkout-6d9-b,152.3,5.7
13,6,checkout-6d9-a,148.3,6.8
13,6,checkout-6d9-b,153.4,6.3
13,7,checkout-6d9-a,169.4,7.8
13,7,checkout-6d9-b,161.3,4.9
13,8,checkout-6d9-a,173.7,9.7
13,8,checkout-6d9-b,172.0,7.5
13,9,checkout-6d9-a,204.6,7.0
13,9,checkout-6d9-b,188.3,9.3
13,10,checkout-6d9-a,220.5,7.7
13,10,checkout-6d9-b,206.4,7.1
13,11,checkout-6d9-a,222.6,7.8
13,11,checkout-6d9-b,231.0,10.0
13,12,checkout-6d9-a,235.9,6.3
13,12,checkout-6d9-b,227.6,8.4
13,13,checkout-6d9-a,234.0,8.8
13,13,checkout-6d9-b,217.2,8.5
13,14,checkout-6d9-a,231.4,9.1
13,14,checkout-6d9-b,218.8,6.1
13,15,checkout-6d9-a,236.6,7.5
13,15,checkout-6d9-b,220.6,9.8
13,16,checkout-6d9-a,282.4,11.7
13,16,checkout-6d9-b,271.5,7.9
13,17,checkout-6d9-a,316.9,9.3
13,17,checkout-6d9-b,308.9,10.2
13,18,checkout-6d9-a,352.1,10.2
13,18,checkout-6d9-b,360.0,13.4
13,19,checkout-6d9-a,394.8,13.1
13,19,checkout-6d9-b,387.3,12.9
13,20,checkout-6d9-a,407.4,10.9
13,20,checkout-6d9-b,399.5,13.5
13,21,checkout-6d9-a,397.2,11.3
13,21,checkout-6d9-b,401.0,14.6
13,22,checkout-6d9-a,351.4,10.3
13,22,checkout-6d9-b,357.2,14.1
13,23,checkout-6d9-a,309.5,10.8
13,23,checkout-6d9-b,306.6,10.4
14,0,checkout-6d9-a,142.1,6.8
14,0,checkout-6d9-b,140.1,3.3
14,1,checkout-6d9-a,132.0,7.1
14,1,checkout-6d9-b,139.5,6.0
14,2,checkout-6d9-a,131.2,5.9
14,2,checkout-6d9-b,138.2,4.5
14,3,checkout-6d9-a,133.5,5.5
14,3,checkout-6d9-b,130.6,7.9
14,4,checkout-6d9-a,140.8,5.5
14,4,checkout-6d9-b,121.2,5.5
14,5,checkout-6d9-a,142.9,6.7
14,5,checkout-6d9-b,146.6,6.8
14,6,checkout-6d9-a,156.6,5.6
14,6,checkout-6d9-b,147.3,5.6
14,7,checkout-6d9-a,154.4,7.3
14,7,checkout-6d9-b,156.3,5.4
14,8,checkout-6d9-a,181.6,7.8
14,8,checkout-6d9-b,175.2,4.1
14,9,checkout-6d9-a,197.5,5.8
14,9,checkout-6d9-b,194.4,7.4
14,10,checkout-6d9-a,208.5,3.4
14,10,checkout-6d9-b,221.1,8.2
14,11,checkout-6d9-a,219.6,7.8
14,11,checkout-6d9-b,222.4,8.1
14,12,checkout-6d9-a,236.2,7.4
14,12,checkout-6d9-b,220.1,9.8
14,13,checkout-6d9-a,196.8,6.7
14,13,checkout-6d9-b,205.0,10.5
14,14,checkout-6d9-a,225.0,7.2
14,14,checkout-6d9-b,216.7,7.9
14,15,checkout-6d9-a,240.4,8.4
14,15,checkout-6d9-b,236.2,8.0
14,16,checkout-6d9-a,283.5,9.9
14,16,checkout-6d9-b,272.3,9.7
14,17,checkout-6d9-a,313.1,8.7
14,17,checkout-6d9-b,319.9,11.4
14,18,checkout-6d9-a,356.2,10.0
14,18,checkout-6d9-b,350.7,13.2
14,19,checkout-6d9-a,391.5,14.3
14,19,checkout-6d9-b,382.9,14.6
14,20,checkout-6d9-a,413.1,16.4
14,20,checkout-6d9-b,406.4,16.1
14,21,checkout-6d9-a,410.2,12.0
14,21,checkout-6d9-b,393.0,10.7
14,22,checkout-6d9-a,367.8,14.0
14,22,checkout-6d9-b,360.4,10.4
14,23,checkout-6d9-a,296.5,9.6
14,23,checkout-6d9-b,318.0,9.6
15,0,checkout-6d9-a,166.9,6.9
15,0,checkout-6d9-b,157.3,6.4
15,1,checkout-6d9-a,153.0,7.9
15,1,checkout-6d9-b,154.1,2
15,2,checkout-6d9-a,145.0,5.5
15,2,checkout-6d9-b,159.8,5.3
15,3,checkout-6d9-a,138.5,6.7
15,3,checkout-6d9-b,147.9,7.0
15,4,checkout-6d9-a,145.7,5.5
15,4,checkout-6d9-b,167.2,7.2
15,5,checkout-6d9-a,160.0,7.1
15,5,checkout-6d9-b,166.5,8.5
15,6,checkout-6d9-a,156.7,4.5
15,6,checkout-6d9-b,139.5,2.5
15,7,checkout-6d9-a,176.2,7.9
15,7,checkout-6d9-b,177.9,7.6
15,8,checkout-6d9-a,191.9,7.4
15,8,checkout-6d9-b,192.7,7.0
15,9,checkout-6d9-a,225.6,9.0
15,9,checkout-6d9-b,222.7,9.9
15,10,checkout-6d9-a,227.7,7.9
15,10,checkout-6d9-b,218.5,5.7
15,11,checkout-6d9-a,248.3,11.1
15,11,checkout-6d9-b,239.5,7.4
15,12,checkout-6d9-a,243.8,8.2
15,12,checkout-6d9-b,250.3,7.4
15,13,checkout-6d9-a,229.4,8.5
15,13,checkout-6d9-b,238.0,11.0
15,14,checkout-6d9-a,251.0,10.2
15,14,checkout-6d9-b,231.6,10.7
15,15,checkout-6d9-a,269.1,9.6
15,15,checkout-6d9-b,262.1,9.7
15,16,checkout-6d9-a,306.1,11.5
15,16,checkout-6d9-b,294.4,10.7
15,17,checkout-6d9-a,346.5,13.7
15,17,checkout-6d9-b,345.3,12.1
15,18,checkout-6d9-a,400.1,12.3
15,18,checkout-6d9-b,396.2,13.9
15,19,checkout-6d9-a,453.7,11.9
15,19,checkout-6d9-b,444.9,15.7
15,20,checkout-6d9-a,434.9,15.7
15,20,checkout-6d9-b,457.9,16.8
15,21,checkout-6d9-a,441.1,15.3
15,21,checkout-6d9-b,450.7,17.3
15,22,checkout-6d9-a,402.9,13.6
15,22,checkout-6d9-b,395.3,13.2
15,23,checkout-6d9-a,348.2,11.2
15,23,checkout-6d9-b,363.6,11.5
16,0,checkout-6d9-a,150.3,3.8
16,0,checkout-6d9-b,140.8,4.6
16,1,checkout-6d9-a,151.9,7.2
16,1,checkout-6d9-b,141.4,7.0
16,2,checkout-6d9-a,146.9,8.3
16,2,checkout-6d9-b,152.9,7.6
16,3,checkout-6d9-a,154.2,5.3
16,3,checkout-6d9-b,154.8,4.8
16,4,checkout-6d9-a,145.5,4.6
16,4,checkout-6d9-b,158.3,6.2
16,5,checkout-6d9-a,149.0,6.1
16,5,checkout-6d9-b,160.5,8.3
16,6,checkout-6d9-a,167.7,8.0
16,6,checkout-6d9-b,168.3,8.0
16,7,checkout-6d9-a,172.1,5.3
16,7,checkout-6d9-b,171.7,7.2
16,8,checkout-6d9-a,195.1,6.1
16,8,checkout-6d9-b,218.8,9.0
16,9,checkout-6d9-a,214.8,5.5
16,9,checkout-6d9-b,216.3,7.1
16,10,checkout-6d9-a,241.5,8.0
16,10,checkout-6d9-b,251.4,6.8
16,11,checkout-6d9-a,242.4,9.5
16,11,checkout-6d9-b,242.5,8.6
16,12,checkout-6d9-a,253.1,8.3
16,12,checkout-6d9-b,247.8,10.3
16,13,checkout-6d9-a,248.5,7.7
16,13,checkout-6d9-b,250.0,11.2
16,14,checkout-6d9-a,244.5,9.1
16,14,checkout-6d9-b,228.1,9.9
16,15,checkout-6d9-a,269.2,8.5
16,15,checkout-6d9-b,254.5,8.9
16,16,checkout-6d9-a,289.0,11.3
16,16,checkout-6d9-b,302.4,13.1
16,17,checkout-6d9-a,347.3,11.6
16,17,checkout-6d9-b,351.2,10.6
16,18,checkout-6d9-a,391.7,13.6
16,18,checkout-6d9-b,387.0,16.0
16,19,checkout-6d9-a,446.4,15.1
16,19,checkout-6d9-b,432.2,16.4
16,20,checkout-6d9-a,457.4,14.9
16,20,checkout-6d9-b,445.6,13.8
16,21,checkout-6d9-a,420.2,16.7
16,21,checkout-6d9-b,444.5,14.7
16,22,checkout-6d9-a,415.8,13.5
16,22,checkout-6d9-b,393.6,10.3
16,23,checkout-6d9-a,338.5,11.4
16,23,checkout-6d9-b,340.6,12.1
17,0,checkout-6d9-a,145.1,6.5
17,0,checkout-6d9-b,150.8,6.4
17,1,checkout-6d9-a,152.8,6.2
17,1,checkout-6d9-b,151.9,4.6
17,2,checkout-6d9-a,149.0,7.1
17,2,checkout-6d9-b,150.1,6.2
17,3,checkout-6d9-a,157.0,5.0
17,3,checkout-6d9-b,146.7,4.9
17,4,checkout-6d9-a,150.8,5.6
17,4,checkout-6d9-b,141.0,5.1
17,5,checkout-6d9-a,144.5,6.5
17,5,checkout-6d9-b,157.9,6.6
17,6,checkout-6d9-a,164.3,6.4
17,6,checkout-6d9-b,162.6,6.6
17,7,checkout-6d9-a,167.6,5.9
17,7,checkout-6d9-b,179.8,6.0
17,8,checkout-6d9-a,192.9,4.8
17,8,checkout-6d9-b,197.0,6.2
17,9,checkout-6d9-a,204.9,9.9
17,9,checkout-6d9-b,211.6,7.5
17,10,checkout-6d9-a,243.3,7.7
17,10,checkout-6d9-b,221.8,8.0
17,11,checkout-6d9-a,235.6,11.5
17,11,checkout-6d9-b,227.3,7.1
17,12,checkout-6d9-a,256.7,5.8
17,12,checkout-6d9-b,245.7,7.0
17,13,checkout-6d9-a,239.0,10.0
17,13,checkout-6d9-b,237.8,8.3
17,14,checkout-6d9-a,227.7,8.7
17,14,checkout-6d9-b,243.5,8.3
17,15,checkout-6d9-a,262.2,8.6
17,15,checkout-6d9-b,263.0,9.6
17,16,checkout-6d9-a,282.6,9.3
17,16,checkout-6d9-b,285.9,9.9
17,17,checkout-6d9-a,352.2,12.6
17,17,checkout-6d9-b,348.6,11.0
17,18,checkout-6d9-a,388.2,13.3
17,18,checkout-6d9-b,403.6,13.8
17,19,checkout-6d9-a,428.5,13.5
17,19,checkout-6d9-b,439.4,13.8
17,20,checkout-6d9-a,448.2,13.1
17,20,checkout-6d9-b,437.5,13.0
17,21,checkout-6d9-a,437.6,14.0
17,21,checkout-6d9-b,432.3,16.4
17,22,checkout-6d9-a,387.5,14.2
17,22,checkout-6d9-b,401.9,11.7
17,23,checkout-6d9-a,341.5,10.4
17,23,checkout-6d9-b,342.4,11.7
18,0,checkout-6d9-a,164.4,9.0
18,0,checkout-6d9-b,158.8,6.0
18,1,checkout-6d9-a,152.0,4.9
18,1,checkout-6d9-b,143.4,3.6
18,2,checkout-6d9-a,159.0,8.2
18,2,checkout-6d9-b,158.5,7.6
18,3,checkout-6d9-a,149.1,6.0
18,3,checkout-6d9-b,152.8,4.5
18,4,checkout-6d9-a,143.4,4.1
18,4,checkout-6d9-b,150.7,11.2
18,5,checkout-6d9-a,169.8,6.3
18,5,checkout-6d9-b,146.2,6.9
18,6,checkout-6d9-a,158.1,6.6
18,6,checkout-6d9-b,161.2,6.3
18,7,checkout-6d9-a,172.2,10.0
18,7,checkout-6d9-b,178.4,7.6
18,8,checkout-6d9-a,191.2,8.6
18,8,checkout-6d9-b,196.4,7.4
18,9,checkout-6d9-a,222.8,10.0
18,9,checkout-6d9-b,219.4,7.0
18,10,checkout-6d9-a,228.3,9.2
18,10,checkout-6d9-b,234.0,8.0
18,11,checkout-6d9-a,246.3,7.3
18,11,checkout-6d9-b,248.5,8.8
18,12,checkout-6d9-a,254.7,8.9
18,12,checkout-6d9-b,232.5,6.9
18,13,checkout-6d9-a,228.9,9.5
18,13,checkout-6d9-b,254.5,7.7
18,14,checkout-6d9-a,230.7,7.1
18,14,checkout-6d9-b,234.6,7.5
18,15,checkout-6d9-a,266.8,8.0
18,15,checkout-6d9-b,262.0,10.2
18,16,checkout-6d9-a,300.0,15.4
18,16,checkout-6d9-b,296.5,8.9
18,17,checkout-6d9-a,328.8,11.8
18,17,checkout-6d9-b,357.9,13.8
18,18,checkout-6d9-a,398.3,14.3
18,18,checkout-6d9-b,395.2,10.5
18,19,checkout-6d9-a,433.5,14.6
18,19,checkout-6d9-b,435.3,12.9
18,20,checkout-6d9-a,455.4,16.3
18,20,checkout-6d9-b,462.1,17.3
18,21,checkout-6d9-a,426.7,19.0
18,21,checkout-6d9-b,435.6,17.0
18,22,checkout-6d9-a,407.0,14.4
18,22,checkout-6d9-b,391.1,12.5
18,23,checkout-6d9-a,338.0,10.1
18,23,checkout-6d9-b,342.9,12.8
19,0,checkout-6d9-a,141.1,7.3
19,0,checkout-6d9-b,152.2,4.0
19,1,checkout-6d9-a,179.4,4.9
19,1,checkout-6d9-b,163.0,4.6
19,2,checkout-6d9-a,143.3,4.9
19,2,checkout-6d9-b,173.5,5.9
19,3,checkout-6d9-a,155.5,9.2
19,3,checkout-6d9-b,153.3,5.0
19,4,checkout-6d9-a,158.5,8.1
19,4,checkout-6d9-b,154.3,7.0
19,5,checkout-6d9-a,171.6,5.7
19,5,checkout-6d9-b,162.8,4.2
19,6,checkout-6d9-a,159.4,4.6
19,6,checkout-6d9-b,175.4,8.8
19,7,checkout-6d9-a,175.6,5.3
19,7,checkout-6d9-b,193.4,5.4
19,8,checkout-6d9-a,199.5,10.6
19,8,checkout-6d9-b,201.0,11.4
19,9,checkout-6d9-a,220.2,8.0
19,9,checkout-6d9-b,218.3,6.6
19,10,checkout-6d9-a,240.7,9.9
19,10,checkout-6d9-b,243.6,6.8
19,11,checkout-6d9-a,249.8,11.2
19,11,checkout-6d9-b,257.6,10.1
19,12,checkout-6d9-a,275.8,10.5
19,12,checkout-6d9-b,245.2,8.4
19,13,checkout-6d9-a,257.3,8.5
19,13,checkout-6d9-b,255.4,7.9
19,14,checkout-6d9-a,279.3,4.4
19,14,checkout-6d9-b,258.9,10.5
19,15,checkout-6d9-a,269.6,9.4
19,15,checkout-6d9-b,269.1,10.4
19,16,checkout-6d9-a,312.0,12.9
19,16,checkout-6d9-b,305.1,11.6
19,17,checkout-6d9-a,373.1,10.3
19,17,checkout-6d9-b,352.2,13.6
19,18,checkout-6d9-a,428.7,13.6
19,18,checkout-6d9-b,414.1,15.4
19,19,checkout-6d9-a,479.9,16.8
19,19,checkout-6d9-b,472.1,15.6
19,20,checkout-6d9-a,490.6,15.6
19,20,checkout-6d9-b,478.6,15.4
19,21,checkout-6d9-a,430.8,13.4
19,21,checkout-6d9-b,463.4,16.4
19,22,checkout-6d9-a,415.9,15.6
19,22,checkout-6d9-b,434.0,15.3
19,23,checkout-6d9-a,359.7,11.2
19,23,checkout-6d9-b,368.5,11.4
20,0,checkout-6d9-a,124.4,5.1
20,0,checkout-6d9-b,136.2,5.7
20,1,checkout-6d9-a,139.7,5.2
20,1,checkout-6d9-b,148.5,6.2
20,2,checkout-6d9-a,132.4,5.3
20,2,checkout-6d9-b,146.5,4.9
20,3,checkout-6d9-a,131.5,4.2
20,3,checkout-6d9-b,135.5,6.3
20,4,checkout-6d9-a,139.6,6.2
20,4,checkout-6d9-b,140.9,8.1
20,5,checkout-6d9-a,125.9,7.0
20,5,checkout-6d9-b,139.0,7.9
20,6,checkout-6d9-a,141.5,8.1
20,6,checkout-6d9-b,137.6,7.1
20,7,checkout-6d9-a,144.8,5.6
20,7,checkout-6d9-b,153.5,2.5
20,8,checkout-6d9-a,163.9,6.2
20,8,checkout-6d9-b,165.0,6.1
20,9,checkout-6d9-a,192.5,6.7
20,9,checkout-6d9-b,210.6,9.6
20,10,checkout-6d9-a,198.3,9.0
20,10,checkout-6d9-b,214.4,7.6
20,11,checkout-6d9-a,238.3,9.6
20,11,checkout-6d9-b,220.7,7.3
20,12,checkout-6d9-a,229.7,10.2
20,12,checkout-6d9-b,226.2,6.7
20,13,checkout-6d9-a,218.8,8.4
20,13,checkout-6d9-b,218.7,6.2
20,14,checkout-6d9-a,226.8,8.1
20,14,checkout-6d9-b,217.2,9.1
20,15,checkout-6d9-a,236.1,10.5
20,15,checkout-6d9-b,224.7,8.2
20,16,checkout-6d9-a,259.2,9.7
20,16,checkout-6d9-b,264.0,9.5
20,17,checkout-6d9-a,312.8,12.6
20,17,checkout-6d9-b,299.1,9.5
20,18,checkout-6d9-a,361.6,10.5
20,18,checkout-6d9-b,367.3,13.8
20,19,checkout-6d9-a,397.4,13.9
20,19,checkout-6d9-b,393.6,15.2
20,20,checkout-6d9-a,393.0,10.1
20,20,checkout-6d9-b,410.5,15.7
20,21,checkout-6d9-a,394.5,13.4
20,21,checkout-6d9-b,385.7,14.5
20,22,checkout-6d9-a,353.8,10.8
20,22,checkout-6d9-b,362.5,11.2
20,23,checkout-6d9-a,296.6,8.7
20,23,checkout-6d9-b,318.4,11.1
21,0,checkout-6d9-a,131.8,6.1
21,0,checkout-6d9-b,124.6,5.8
21,1,checkout-6d9-a,132.6,5.4
21,1,checkout-6d9-b,129.4,5.1
21,2,checkout-6d9-a,143.0,6.5
21,2,checkout-6d9-b,140.0,5.9
21,3,checkout-6d9-a,122.0,2.4
21,3,checkout-6d9-b,141.4,6.4
21,4,checkout-6d9-a,135.6,4.5
21,4,checkout-6d9-b,131.6,5.5
21,5,checkout-6d9-a,138.8,5.1
21,5,checkout-6d9-b,141.8,6.0
21,6,checkout-6d9-a,134.5,4.7
21,6,checkout-6d9-b,143.1,5.8
21,7,checkout-6d9-a,149.5,7.3
21,7,checkout-6d9-b,164.2,6.2
21,8,checkout-6d9-a,185.2,8.0
21,8,checkout-6d9-b,166.9,8.8
21,9,checkout-6d9-a,197.9,6.2
21,9,checkout-6d9-b,195.9,6.5
21,10,checkout-6d9-a,200.1,3.3
21,10,checkout-6d9-b,218.3,11.0
21,11,checkout-6d9-a,209.1,6.0
21,11,checkout-6d9-b,220.0,8.6
21,12,checkout-6d9-a,223.7,8.7
21,12,checkout-6d9-b,229.1,6.5
21,13,checkout-6d9-a,220.9,5.4
21,13,checkout-6d9-b,209.7,7.2
21,14,checkout-6d9-a,223.6,9.1
21,14,checkout-6d9-b,229.2,8.2
21,15,checkout-6d9-a,247.5,8.0
21,15,checkout-6d9-b,246.6,8.4
21,16,checkout-6d9-a,258.3,8.9
21,16,checkout-6d9-b,272.0,9.6
21,17,checkout-6d9-a,319.0,9.3
21,17,checkout-6d9-b,322.0,12.2
21,18,checkout-6d9-a,348.2,12.9
21,18,checkout-6d9-b,377.3,14.0
21,19,checkout-6d9-a,384.5,11.9
21,19,checkout-6d9-b,387.7,12.8
21,20,checkout-6d9-a,406.3,15.6
21,20,checkout-6d9-b,391.4,12.4
21,21,checkout-6d9-a,398.3,11.9
21,21,checkout-6d9-b,378.5,14.5
21,22,checkout-6d9-a,367.0,10.8
21,22,checkout-6d9-b,351.4,13.0
21,23,checkout-6d9-a,297.0,10.8
21,23,checkout-6d9-b,308.9,13.2
22,0,checkout-6d9-a,141.1,5.4
22,0,checkout-6d9-b,166.2,3.7
22,1,checkout-6d9-a,141.2,6.0
22,1,checkout-6d9-b,165.2,7.2
22,2,checkout-6d9-a,137.9,5.5
22,2,checkout-6d9-b,132.2,3.8
22,3,checkout-6d9-a,151.8,6.4
22,3,checkout-6d9-b,161.1,4.5
22,4,checkout-6d9-a,150.6,5.6
22,4,checkout-6d9-b,151.0,4.8
22,5,checkout-6d9-a,170.1,5.7
22,5,checkout-6d9-b,138.5,6.6
22,6,checkout-6d9-a,162.6,5.2
22,6,checkout-6d9-b,167.3,8.5
22,7,checkout-6d9-a,179.7,6.2
22,7,checkout-6d9-b,165.4,7.0
22,8,checkout-6d9-a,184.9,4.2
22,8,checkout-6d9-b,208.1,9.1
22,9,checkout-6d9-a,224.1,8.3
22,9,checkout-6d9-b,220.2,8.7
22,10,checkout-6d9-a,224.9,8.6
22,10,checkout-6d9-b,216.0,7.7
22,11,checkout-6d9-a,255.4,7.7
22,11,checkout-6d9-b,251.7,11.3
22,12,checkout-6d9-a,243.1,7.8
22,12,checkout-6d9-b,237.7,6.8
22,13,checkout-6d9-a,251.3,11.6
22,13,checkout-6d9-b,236.4,7.6
22,14,checkout-6d9-a,241.8,7.7
22,14,checkout-6d9-b,242.9,11.3
22,15,checkout-6d9-a,267.1,7.1
22,15,checkout-6d9-b,285.1,10.5
22,16,checkout-6d9-a,299.9,10.5
22,16,checkout-6d9-b,298.9,11.1
22,17,checkout-6d9-a,356.5,12.9
22,17,checkout-6d9-b,349.9,10.9
22,18,checkout-6d9-a,393.6,12.3
22,18,checkout-6d9-b,402.6,14.5
22,19,checkout-6d9-a,435.6,13.3
22,19,checkout-6d9-b,430.2,17.3
22,20,checkout-6d9-a,448.1,18.6
22,20,checkout-6d9-b,451.3,16.1
22,21,checkout-6d9-a,441.5,15.7
22,21,checkout-6d9-b,418.0,15.9
22,22,checkout-6d9-a,408.4,17.1
22,22,checkout-6d9-b,367.3,11.8
22,23,checkout-6d9-a,346.2,12.5
22,23,checkout-6d9-b,331.7,12.8
23,0,checkout-6d9-a,150.5,4.6
23,0,checkout-6d9-b,144.2,3.8
23,1,checkout-6d9-a,157.2,8.1
23,1,checkout-6d9-b,166.1,6.8
23,2,checkout-6d9-a,162.3,8.7
23,2,checkout-6d9-b,157.6,5.2
23,3,checkout-6d9-a,149.3,7.0
23,3,checkout-6d9-b,135.5,4.3
23,4,checkout-6d9-a,158.2,8.4
23,4,checkout-6d9-b,167.6,6.2
23,5,checkout-6d9-a,147.5,6.3
23,5,checkout-6d9-b,152.0,5.4
23,6,checkout-6d9-a,156.1,6.1
23,6,checkout-6d9-b,166.0,5.6
23,7,checkout-6d9-a,176.6,10.2
23,7,checkout-6d9-b,174.7,7.0
23,8,checkout-6d9-a,189.0,7.2
23,8,checkout-6d9-b,193.8,8.7
23,9,checkout-6d9-a,200.2,8.2
23,9,checkout-6d9-b,208.7,6.7
23,10,checkout-6d9-a,238.9,8.7
23,10,checkout-6d9-b,248.3,8.1
23,11,checkout-6d9-a,260.5,8.3
23,11,checkout-6d9-b,243.2,8.7
23,12,checkout-6d9-a,251.8,11.9
23,12,checkout-6d9-b,241.8,8.8
23,13,checkout-6d9-a,241.9,9.8
23,13,checkout-6d9-b,259.8,7.7
23,14,checkout-6d9-a,247.7,10.9
23,14,checkout-6d9-b,240.6,8.4
23,15,checkout-6d9-a,271.7,11.3
23,15,checkout-6d9-b,264.1,6.9
23,16,checkout-6d9-a,298.9,11.5
23,16,checkout-6d9-b,315.7,10.5
23,17,checkout-6d9-a,349.3,12.7
23,17,checkout-6d9-b,353.5,12.7
23,18,checkout-6d9-a,403.3,13.6
23,18,checkout-6d9-b,407.1,14.6
23,19,checkout-6d9-a,434.7,16.2
23,19,checkout-6d9-b,434.8,14.4
23,20,checkout-6d9-a,439.7,15.4
23,20,checkout-6d9-b,455.7,13.5
23,21,checkout-6d9-a,427.5,16.8
23,21,checkout-6d9-b,443.5,15.2
23,22,checkout-6d9-a,401.8,11.3
23,22,checkout-6d9-b,392.6,10.2
23,23,checkout-6d9-a,346.6,11.7
23,23,checkout-6d9-b,335.4,13.1
24,0,checkout-6d9-a,146.5,6.3
24,0,checkout-6d9-b,165.6,8.1
24,1,checkout-6d9-a,153.3,8.1
24,1,checkout-6d9-b,149.5,6.7
24,2,checkout-6d9-a,151.9,3.3
24,2,checkout-6d9-b,146.0,5.4
24,3,checkout-6d9-a,148.7,4.8
24,3,checkout-6d9-b,149.2,6.5
24,4,checkout-6d9-a,146.3,6.3
24,4,checkout-6d9-b,170.1,6.7
24,5,checkout-6d9-a,145.3,6.1
24,5,checkout-6d9-b,149.0,5.2
24,6,checkout-6d9-a,158.7,6.0
24,6,checkout-6d9-b,169.0,6.0
24,7,checkout-6d9-a,184.3,9.1
24,7,checkout-6d9-b,187.2,8.2
24,8,checkout-6d9-a,203.3,7.6
24,8,checkout-6d9-b,178.6,6.4
24,9,checkout-6d9-a,221.9,8.0
24,9,checkout-6d9-b,206.8,9.0
24,10,checkout-6d9-a,246.9,10.9
24,10,checkout-6d9-b,236.5,9.5
24,11,checkout-6d9-a,243.8,8.9
24,11,checkout-6d9-b,247.0,10.6
24,12,checkout-6d9-a,247.1,9.2
24,12,checkout-6d9-b,250.0,11.5
24,13,checkout-6d9-a,238.8,8.3
24,13,checkout-6d9-b,258.8,10.6
24,14,checkout-6d9-a,251.2,9.6
24,14,checkout-6d9-b,239.0,10.0
24,15,checkout-6d9-a,260.4,6.7
24,15,checkout-6d9-b,265.7,7.6
24,16,checkout-6d9-a,299.7,8.8
24,16,checkout-6d9-b,314.4,13.3
24,17,checkout-6d9-a,339.1,13.0
24,17,checkout-6d9-b,346.4,13.5
24,18,checkout-6d9-a,396.2,12.5
24,18,checkout-6d9-b,402.8,15.0
24,19,checkout-6d9-a,457.1,13.7
24,19,checkout-6d9-b,425.2,11.8
24,20,checkout-6d9-a,453.0,16.8
24,20,checkout-6d9-b,461.5,15.0
24,21,checkout-6d9-a,442.0,14.7
24,21,checkout-6d9-b,433.7,11.9
24,22,checkout-6d9-a,403.4,15.1
24,22,checkout-6d9-b,383.6,14.7
24,23,checkout-6d9-a,341.9,13.1
24,23,checkout-6d9-b,335.5,12.8
25,0,checkout-6d9-a,142.8,8.0
25,0,checkout-6d9-b,135.5,5.7
25,1,checkout-6d9-a,154.3,6.9
25,1,checkout-6d9-b,146.0,4.4
25,2,checkout-6d9-a,154.7,7.8
25,2,checkout-6d9-b,152.0,5.3
25,3,checkout-6d9-a,145.7,5.5
25,3,checkout-6d9-b,163.5,7.5
25,4,checkout-6d9-a,147.9,8.2
25,4,checkout-6d9-b,137.0,5.3
25,5,checkout-6d9-a,165.8,5.9
25,5,checkout-6d9-b,150.2,6.7
25,6,checkout-6d9-a,177.0,10.0
25,6,checkout-6d9-b,148.1,5.5
25,7,checkout-6d9-a,178.2,5.4
25,7,checkout-6d9-b,162.3,7.2
25,8,checkout-6d9-a,190.0,8.5
25,8,checkout-6d9-b,197.5,5.2
25,9,checkout-6d9-a,218.4,10.6
25,9,checkout-6d9-b,217.8,9.2
25,10,checkout-6d9-a,224.3,8.0
25,10,checkout-6d9-b,249.2,9.1
25,11,checkout-6d9-a,252.1,7.8
25,11,checkout-6d9-b,264.1,6.4
25,12,checkout-6d9-a,265.1,12.2
25,12,checkout-6d9-b,243.6,10.3
25,13,checkout-6d9-a,245.1,8.7
25,13,checkout-6d9-b,244.0,9.0
25,14,checkout-6d9-a,238.8,8.7
25,14,checkout-6d9-b,246.4,7.2
25,15,checkout-6d9-a,250.1,10.6
25,15,checkout-6d9-b,263.7,9.4
25,16,checkout-6d9-a,303.2,12.2
25,16,checkout-6d9-b,312.0,8.6
25,17,checkout-6d9-a,337.8,10.1
25,17,checkout-6d9-b,348.1,10.0
25,18,checkout-6d9-a,385.1,10.7
25,18,checkout-6d9-b,388.8,12.2
25,19,checkout-6d9-a,441.3,12.6
25,19,checkout-6d9-b,443.4,12.5
25,20,checkout-6d9-a,468.6,12.7
25,20,checkout-6d9-b,446.6,14.3
25,21,checkout-6d9-a,425.9,13.3
25,21,checkout-6d9-b,431.2,11.2
25,22,checkout-6d9-a,405.6,13.4
25,22,checkout-6d9-b,393.7,13.6
25,23,checkout-6d9-a,342.5,11.4
25,23,checkout-6d9-b,339.7,10.7
26,0,checkout-6d9-a,150.7,3.3
26,0,checkout-6d9-b,145.9,7.2
26,1,checkout-6d9-a,153.6,6.8
26,1,checkout-6d9-b,149.4,5.2
26,2,checkout-6d9-a,156.8,9.0
26,2,checkout-6d9-b,165.7,6.3
26,3,checkout-6d9-a,155.6,6.5
26,3,checkout-6d9-b,159.8,6.9
26,4,checkout-6d9-a,143.0,8.9
26,4,checkout-6d9-b,148.6,6.3
26,5,checkout-6d9-a,172.8,5.9
26,5,checkout-6d9-b,150.5,7.2
26,6,checkout-6d9-a,180.6,5.7
26,6,checkout-6d9-b,177.3,5.5
26,7,checkout-6d9-a,177.6,7.0
26,7,checkout-6d9-b,181.8,5.9
26,8,checkout-6d9-a,199.8,9.4
26,8,checkout-6d9-b,195.9,6.0
26,9,checkout-6d9-a,237.6,8.5
26,9,checkout-6d9-b,233.8,9.3
26,10,checkout-6d9-a,241.7,9.8
26,10,checkout-6d9-b,258.4,8.0
26,11,checkout-6d9-a,251.6,8.6
26,11,checkout-6d9-b,255.0,10.0
26,12,checkout-6d9-a,260.2,7.6
26,12,checkout-6d9-b,265.3,9.7
26,13,checkout-6d9-a,250.7,6.4
26,13,checkout-6d9-b,268.8,10.3
26,14,checkout-6d9-a,262.8,10.9
26,14,checkout-6d9-b,261.4,8.9
26,15,checkout-6d9-a,255.5,11.3
26,15,checkout-6d9-b,293.8,9.7
26,16,checkout-6d9-a,312.1,9.0
26,16,checkout-6d9-b,323.0,8.1
26,17,checkout-6d9-a,358.5,13.0
26,17,checkout-6d9-b,363.4,13.0
26,18,checkout-6d9-a,411.7,12.6
26,18,checkout-6d9-b,428.2,14.8
26,19,checkout-6d9-a,443.6,14.6
26,19,checkout-6d9-b,442.2,14.1
26,20,checkout-6d9-a,480.7,16.0
26,20,checkout-6d9-b,479.3,14.4
26,21,checkout-6d9-a,449.7,14.4
26,21,checkout-6d9-b,457.2,15.9
26,22,checkout-6d9-a,425.2,12.3
26,22,checkout-6d9-b,414.8,15.1
26,23,checkout-6d9-a,364.9,13.5
26,23,checkout-6d9-b,369.1,13.6
27,0,checkout-6d9-a,130.2,6.8
27,0,checkout-6d9-b,125.0,4.1
27,1,checkout-6d9-a,139.8,7.8
27,1,checkout-6d9-b,146.4,5.8
27,2,checkout-6d9-a,130.7,5.1
27,2,checkout-6d9-b,135.3,5.4
27,3,checkout-6d9-a,136.1,8.3
27,3,checkout-6d9-b,139.7,4.7
27,4,checkout-6d9-a,133.0,6.5
27,4,checkout-6d9-b,132.2,4.5
27,5,checkout-6d9-a,140.2,3.3
27,5,checkout-6d9-b,140.5,2.7
27,6,checkout-6d9-a,145.9,7.4
27,6,checkout-6d9-b,140.1,6.1
27,7,checkout-6d9-a,166.6,5.6
27,7,checkout-6d9-b,152.2,6.2
27,8,checkout-6d9-a,184.0,8.0
27,8,checkout-6d9-b,175.7,7.7
27,9,checkout-6d9-a,205.2,6.4
27,9,checkout-6d9-b,204.8,6.1
27,10,checkout-6d9-a,206.0,8.4
27,10,checkout-6d9-b,210.5,5.1
27,11,checkout-6d9-a,209.4,8.5
27,11,checkout-6d9-b,220.0,10.7
27,12,checkout-6d9-a,220.7,8.2
27,12,checkout-6d9-b,220.0,11.9
27,13,checkout-6d9-a,227.8,7.3
27,13,checkout-6d9-b,228.5,7.1
27,14,checkout-6d9-a,222.9,9.1
27,14,checkout-6d9-b,226.9,8.2
27,15,checkout-6d9-a,240.6,6.9
27,15,checkout-6d9-b,220.2,10.9
27,16,checkout-6d9-a,263.6,8.7
27,16,checkout-6d9-b,263.9,8.5
27,17,checkout-6d9-a,331.5,11.8
27,17,checkout-6d9-b,307.7,12.3
27,18,checkout-6d9-a,354.5,12.1
27,18,checkout-6d9-b,347.3,12.3
27,19,checkout-6d9-a,386.5,13.6
27,19,checkout-6d9-b,399.9,14.3
27,20,checkout-6d9-a,399.1,10.3
27,20,checkout-6d9-b,390.4,14.3
27,21,checkout-6d9-a,391.4,11.9
27,21,checkout-6d9-b,399.6,14.3
27,22,checkout-6d9-a,363.0,12.9
27,22,checkout-6d9-b,374.1,12.8
27,23,checkout-6d9-a,299.2,8.7
27,23,checkout-6d9-b,321.8,14.3
28,0,checkout-6d9-a,123.2,4.3
28,0,checkout-6d9-b,141.6,5.5
28,1,checkout-6d9-a,140.8,7.5
28,1,checkout-6d9-b,126.8,5.0
28,2,checkout-6d9-a,143.3,7.3
28,2,checkout-6d9-b,135.4,5.4
28,3,checkout-6d9-a,124.8,6.0
28,3,checkout-6d9-b,134.1,5.9
28,4,checkout-6d9-a,133.0,2.3
28,4,checkout-6d9-b,138.9,6.8
28,5,checkout-6d9-a,139.3,7.3
28,5,checkout-6d9-b,136.1,5.5
28,6,checkout-6d9-a,165.0,4.7
28,6,checkout-6d9-b,151.6,7.0
28,7,checkout-6d9-a,170.8,6.8
28,7,checkout-6d9-b,146.7,5.2
28,8,checkout-6d9-a,168.2,5.6
28,8,checkout-6d9-b,173.3,8.5
28,9,checkout-6d9-a,199.2,8.8
28,9,checkout-6d9-b,192.6,6.8
28,10,checkout-6d9-a,230.2,9.2
28,10,checkout-6d9-b,222.9,8.6
28,11,checkout-6d9-a,229.3,8.0
28,11,checkout-6d9-b,204.4,8.0
28,12,checkout-6d9-a,221.5,8.5
28,12,checkout-6d9-b,209.3,7.1
28,13,checkout-6d9-a,218.0,8.5
28,13,checkout-6d9-b,217.1,8.9
28,14,checkout-6d9-a,227.9,10.4
28,14,checkout-6d9-b,200.8,10.0
28,15,checkout-6d9-a,239.9,7.3
28,15,checkout-6d9-b,236.1,11.0
28,16,checkout-6d9-a,269.4,8.4
28,16,checkout-6d9-b,274.2,11.3
28,17,checkout-6d9-a,306.5,10.6
28,17,checkout-6d9-b,304.9,7.5
28,18,checkout-6d9-a,366.9,10.9
28,18,checkout-6d9-b,352.4,10.9
28,19,checkout-6d9-a,402.7,13.5
28,19,checkout-6d9-b,392.8,13.3
28,20,checkout-6d9-a,418.6,14.1
28,20,checkout-6d9-b,403.0,13.0
28,21,checkout-6d9-a,409.5,12.1
28,21,checkout-6d9-b,384.6,11.8
28,22,checkout-6d9-a,356.4,13.0
28,22,checkout-6d9-b,344.0,9.9
28,23,checkout-6d9-a,323.2,11.6
28,23,checkout-6d9-b,325.5,13.6
29,0,checkout-6d9-a,148.3,6.7
29,0,checkout-6d9-b,139.1,7.6
29,1,checkout-6d9-a,140.6,7.8
29,1,checkout-6d9-b,153.0,4.7
29,2,checkout-6d9-a,151.3,6.7
29,2,checkout-6d9-b,158.8,4.0
29,3,checkout-6d9-a,159.9,6.2
29,3,checkout-6d9-b,146.7,6.9
29,4,checkout-6d9-a,155.5,8.1
29,4,checkout-6d9-b,140.3,4.2
29,5,checkout-6d9-a,144.4,4.0
29,5,checkout-6d9-b,143.3,3.5
29,6,checkout-6d9-a,174.3,4.4
29,6,checkout-6d9-b,157.4,2.6
29,7,checkout-6d9-a,169.9,7.0
29,7,checkout-6d9-b,172.9,6.4
29,8,checkout-6d9-a,196.5,6.9
29,8,checkout-6d9-b,184.6,9.8
29,9,checkout-6d9-a,217.1,7.9
29,9,checkout-6d9-b,221.2,7.1
29,10,checkout-6d9-a,246.4,6.9
29,10,checkout-6d9-b,224.7,10.2
29,11,checkout-6d9-a,250.0,7.2
29,11,checkout-6d9-b,244.3,8.4
29,12,checkout-6d9-a,253.1,8.7
29,12,checkout-6d9-b,246.7,10.9
29,13,checkout-6d9-a,235.0,10.7
29,13,checkout-6d9-b,246.5,7.5
29,14,checkout-6d9-a,248.3,9.0
29,14,checkout-6d9-b,249.0,9.0
29,15,checkout-6d9-a,267.9,8.6
29,15,checkout-6d9-b,263.5,9.9
29,16,checkout-6d9-a,303.9,13.0
29,16,checkout-6d9-b,304.6,10.6
29,17,checkout-6d9-a,357.8,14.8
29,17,checkout-6d9-b,330.4,11.1
29,18,checkout-6d9-a,400.5,12.7
29,18,checkout-6d9-b,404.3,13.9
29,19,checkout-6d9-a,431.4,13.9
29,19,checkout-6d9-b,447.7,13.2
29,20,checkout-6d9-a,461.7,14.2
29,20,checkout-6d9-b,452.8,16.4
29,21,checkout-6d9-a,423.6,14.2
29,21,checkout-6d9-b,437.7,15.3
29,22,checkout-6d9-a,396.0,11.9
29,22,checkout-6d9-b,402.3,16.9
29,23,checkout-6d9-a,338.7,11.6
29,23,checkout-6d9-b,341.5,11.4
30,0,checkout-6d9-a,153.0,6.6
30,0,checkout-6d9-b,153.0,6.5
30,1,checkout-6d9-a,141.7,5.2
30,1,checkout-6d9-b,151.4,4.8
30,2,checkout-6d9-a,154.5,4.6
30,2,checkout-6d9-b,163.5,9.6
30,3,checkout-6d9-a,151.4,6.7
30,3,checkout-6d9-b,147.4,8.3
30,4,checkout-6d9-a,161.4,6.9
30,4,checkout-6d9-b,165.7,8.1
30,5,checkout-6d9-a,147.2,4.4
30,5,checkout-6d9-b,152.7,5.8
30,6,checkout-6d9-a,164.7,7.6
30,6,checkout-6d9-b,167.4,5.9
30,7,checkout-6d9-a,168.9,6.2
30,7,checkout-6d9-b,174.8,8.0
30,8,checkout-6d9-a,206.3,8.6
30,8,checkout-6d9-b,199.0,7.3
30,9,checkout-6d9-a,198.2,8.3
30,9,checkout-6d9-b,217.0,8.7
30,10,checkout-6d9-a,236.5,7.5
30,10,checkout-6d9-b,227.3,7.7
30,11,checkout-6d9-a,231.8,8.5
30,11,checkout-6d9-b,249.1,8.9
30,12,checkout-6d9-a,245.4,7.8
30,12,checkout-6d9-b,240.1,10.4
30,13,checkout-6d9-a,230.1,7.5
30,13,checkout-6d9-b,248.9,7.0
30,14,checkout-6d9-a,254.0,12.8
30,14,checkout-6d9-b,257.9,11.0
30,15,checkout-6d9-a,256.6,8.9
30,15,checkout-6d9-b,261.6,6.9
30,16,checkout-6d9-a,299.5,9.0
30,16,checkout-6d9-b,309.0,12.5
30,17,checkout-6d9-a,350.2,11.3
30,17,checkout-6d9-b,341.9,13.1
30,18,checkout-6d9-a,388.8,13.7
30,18,checkout-6d9-b,404.6,12.9
30,19,checkout-6d9-a,446.5,15.1
30,19,checkout-6d9-b,439.7,16.9
30,20,checkout-6d9-a,459.9,14.1
30,20,checkout-6d9-b,455.4,13.6
30,21,checkout-6d9-a,430.9,15.1
30,21,checkout-6d9-b,429.2,17.0
30,22,checkout-6d9-a,393.9,16.0
30,22,checkout-6d9-b,402.2,12.3
30,23,checkout-6d9-a,342.6,9.5
30,23,checkout-6d9-b,347.1,10.4
